Date,QQQ,IDU,SDG,MNA,SGOL,CQQQ,EWJ,EWY
2018-11-12,163.8651123046875,131.1874542236328,53.37601852416992,31.799999237060547,11.593999862670898,40.1502685546875,52.39874267578125,56.494041442871094
2018-11-13,164.0030059814453,131.60232543945312,53.664634704589844,31.860000610351562,11.597000122070312,41.235408782958984,52.2059211730957,57.29530334472656
2018-11-14,162.75181579589844,130.25393676757812,53.62589645385742,31.90999984741211,11.696999549865723,41.9422492980957,52.389102935791016,57.073265075683594
2018-11-15,165.59901428222656,129.5939178466797,53.87382888793945,32.02000045776367,11.704999923706055,43.38578796386719,52.69761276245117,58.52133560180664
2018-11-16,165.0177764892578,131.1968536376953,54.236053466796875,31.979999542236328,11.788999557495117,43.276275634765625,52.736175537109375,58.73371887207031
2018-11-19,159.6583709716797,132.05490112304688,53.49030685424805,31.860000610351562,11.803999900817871,42.16126251220703,52.504791259765625,57.87453079223633
2018-11-20,156.80133056640625,131.0648651123047,52.7348747253418,31.760000228881836,11.793000221252441,41.22545623779297,51.54069519042969,56.86088562011719
2018-11-21,157.99342346191406,129.39590454101562,53.509674072265625,31.770000457763672,11.824999809265137,42.35042190551758,52.33125305175781,57.6138801574707
2018-11-23,156.85060119628906,129.47134399414062,53.31597137451172,31.850000381469727,11.803000450134277,41.544029235839844,52.13843536376953,56.5809211730957
2018-11-26,160.47605895996094,130.2728271484375,53.722747802734375,32.0099983215332,11.795000076293945,42.380287170410156,52.842227935791016,58.14483642578125
2018-11-27,161.01791381835938,131.1591339111328,53.596839904785156,31.84000015258789,11.720999717712402,42.748634338378906,52.79402160644531,58.463417053222656
2018-11-28,166.199951171875,131.03656005859375,54.487857818603516,31.829999923706055,11.777000427246094,43.93333435058594,53.4881706237793,59.71841049194336
2018-11-29,165.65811157226562,130.82913208007812,54.24573516845703,31.829999923706055,11.814000129699707,42.83823776245117,53.304996490478516,59.119873046875
2018-11-30,166.8600311279297,132.67723083496094,54.39101028442383,31.829999923706055,11.788999557495117,43.784000396728516,53.35319900512695,58.52133560180664
2018-12-03,169.77618408203125,133.94073486328125,54.86460494995117,31.81999969482422,11.873000144958496,45.01847839355469,54.076271057128906,60.1431770324707
2018-12-04,163.26412963867188,134.0915985107422,53.99392318725586,31.770000457763672,11.944999694824219,43.85368728637695,52.08059310913086,58.656490325927734
2018-12-06,164.4167938232422,134.1764678955078,53.92613220214844,31.950000762939453,11.944999694824219,42.818321228027344,52.00345993041992,58.202762603759766
2018-12-07,158.98846435546875,134.7705078125,52.901458740234375,31.790000915527344,12.045999526977539,42.021888732910156,51.617820739746094,56.938114166259766
2018-12-10,160.6533966064453,135.08164978027344,52.347476959228516,31.700000762939453,12.001999855041504,41.842689514160156,51.22254180908203,56.996036529541016
2018-12-11,161.18539428710938,135.4965362548828,52.39590072631836,31.68000030517578,11.991000175476074,42.57939529418945,51.18397903442383,56.90915298461914
2018-12-12,162.60406494140625,134.8459014892578,53.432193756103516,31.8700008392334,12.015999794006348,43.25636291503906,51.80099868774414,57.89384078979492
2018-12-13,162.6533203125,135.96798706054688,53.56003189086914,31.860000610351562,11.989999771118164,43.057254791259766,51.64674377441406,57.758689880371094
2018-12-14,158.69290161132812,135.5342559814453,52.94794464111328,31.729999542236328,11.944999694824219,42.380287170410156,51.05864334106445,56.68711471557617
2018-12-17,155.09698486328125,131.2371368408203,52.105350494384766,31.6299991607666,12.020000457763672,41.01639175415039,50.653724670410156,56.36853790283203
2018-12-18,156.0723114013672,130.23207092285156,52.442649841308594,31.479999542236328,12.04800033569336,40.568397521972656,50.79460144042969,57.16122055053711
2018-12-19,152.23995971679688,130.08982849121094,51.55393600463867,31.469999313354492,11.980999946594238,39.68236541748047,50.04648208618164,56.50554656982422
2018-12-20,150.03314208984375,130.28897094726562,51.513851165771484,31.5,12.161999702453613,39.35383224487305,49.78415298461914,57.004642486572266
2018-12-21,145.3831329345703,129.3407745361328,50.741485595703125,31.309999465942383,12.111000061035156,38.796329498291016,48.249046325683594,56.70126724243164
2018-12-24,141.7778778076172,123.8887710571289,50.252655029296875,31.260000228881836,12.241999626159668,38.746334075927734,47.72438430786133,56.26089096069336
2018-12-26,150.63037109375,125.61442565917969,51.86581802368164,31.469999313354492,12.208999633789062,39.95621871948242,48.62796401977539,57.30801773071289
2018-12-27,151.21328735351562,126.66690826416016,51.318321228027344,31.639999389648438,12.29699993133545,39.736244201660156,49.2789306640625,57.42544937133789
2018-12-28,151.13426208496094,126.8470458984375,51.65073013305664,31.59000015258789,12.348999977111816,39.81623458862305,49.33721923828125,57.904972076416016
2018-12-31,152.4087677001953,127.2642593383789,51.816932678222656,31.709999084472656,12.368000030517578,39.366275787353516,49.249778747558594,57.601600646972656
2019-01-02,153.02133178710938,124.8179702758789,51.42586135864258,31.59000015258789,12.381999969482422,39.39627456665039,49.58983612060547,56.8284912109375
2019-01-03,148.02206420898438,125.02658081054688,51.43270492553711,31.709999084472656,12.49899959564209,37.916412353515625,49.308074951171875,55.6052131652832
2019-01-04,154.35511779785156,126.83756256103516,52.726173400878906,31.790000915527344,12.404999732971191,39.806236267089844,50.97920608520508,57.366729736328125
2019-01-07,156.1927947998047,126.01265716552734,53.20523452758789,31.860000610351562,12.428000450134277,40.57616424560547,51.105506896972656,57.582027435302734
2019-01-08,157.6056365966797,127.60562133789062,53.811397552490234,31.8700008392334,12.401000022888184,40.796138763427734,51.348411560058594,56.93613815307617
2019-01-09,158.89004516601562,126.66690826416016,54.20246505737305,31.829999923706055,12.47700023651123,42.08601760864258,51.63016891479492,58.384498596191406
2019-01-10,159.34451293945312,128.49688720703125,54.427330017089844,31.90999984741211,12.404999732971191,42.2660026550293,51.941078186035156,58.61936950683594
2019-01-11,158.76158142089844,127.99436950683594,54.104698181152344,32.0099983215332,12.425000190734863,41.796043395996094,51.33869552612305,58.5704345703125
2019-01-14,157.358642578125,125.26361083984375,53.918941497802734,32.029998779296875,12.458999633789062,40.99612045288086,51.154090881347656,57.904972076416016
2019-01-15,160.4313201904297,126.8470458984375,54.27090072631836,32.16999816894531,12.4350004196167,41.56606674194336,51.775909423828125,58.727012634277344
2019-01-16,160.4016876220703,127.33063507080078,54.18291091918945,32.13999938964844,12.472000122070312,42.246002197265625,52.02851867675781,59.71541976928711
2019-01-17,161.6663360595703,127.86162567138672,54.37844467163086,32.08000183105469,12.460000038146973,42.57597351074219,51.9216423034668,59.82307052612305
2019-01-18,163.26687622070312,128.108154296875,54.98461151123047,32.04999923706055,12.352999687194824,43.63587188720703,52.611473083496094,60.13623046875
2019-01-22,159.99659729003906,128.31674194335938,54.31978988647461,31.860000610351562,12.388999938964844,41.89603805541992,51.669036865234375,58.84444808959961
2019-01-23,160.20407104492188,129.53985595703125,54.563228607177734,32.040000915527344,12.37399959564209,42.10601806640625,51.523292541503906,59.65670394897461
2019-01-24,161.24147033691406,130.20361328125,54.68152618408203,32.08000183105469,12.35099983215332,42.8359489440918,51.824485778808594,60.37109375
2019-01-25,163.16807556152344,128.55380249023438,54.987545013427734,32.15999984741211,12.531999588012695,44.11582565307617,52.388004302978516,62.10325241088867
2019-01-28,161.15255737304688,127.89955139160156,54.36280822753906,32.11000061035156,12.572999954223633,43.62587356567383,52.00908660888672,61.574798583984375
2019-01-29,159.63104248046875,128.24085998535156,54.749969482421875,32.29999923706055,12.651000022888184,43.28590774536133,52.05767059326172,61.907527923583984
2019-01-30,163.6916961669922,129.16061401367188,55.43434143066406,32.290000915527344,12.736000061035156,44.02583312988281,52.640621185302734,63.76691436767578
2019-01-31,166.1419677734375,131.81552124023438,55.47344970703125,32.310001373291016,12.729999542236328,44.895755767822266,52.73777770996094,63.33631896972656
2019-02-01,165.4404754638672,131.369873046875,55.83421325683594,32.2599983215332,12.706000328063965,44.62577819824219,52.52403259277344,62.67085647583008
2019-02-04,167.4955291748047,131.5594940185547,55.67484664916992,32.310001373291016,12.652999877929688,44.835758209228516,52.640621185302734,62.876365661621094
2019-02-05,168.97750854492188,131.7396697998047,56.089385986328125,32.2599983215332,12.682999610900879,45.805667877197266,52.8543701171875,63.84519577026367
2019-02-06,168.47361755371094,131.44570922851562,56.02094268798828,32.18000030517578,12.597000122070312,45.2257194519043,52.41715621948242,63.258026123046875
2019-02-07,166.21112060546875,133.228271484375,55.18992614746094,32.099998474121094,12.630999565124512,44.07583236694336,51.6884651184082,62.10325241088867
2019-02-08,166.53713989257812,133.92996215820312,55.08238220214844,32.130001068115234,12.675000190734863,44.65577697753906,51.23181915283203,61.330142974853516
2019-02-11,166.37905883789062,133.7498016357422,55.18796920776367,32.099998474121094,12.614999771118164,45.20572280883789,51.2803955078125,61.4084358215332
2019-02-12,168.8391876220703,133.9583740234375,55.99161911010742,32.040000915527344,12.642000198364258,45.895660400390625,52.18397521972656,62.16197204589844
2019-02-13,168.95774841308594,133.7118682861328,55.981842041015625,31.93000030517578,12.59000015258789,46.16563034057617,52.310279846191406,61.809669494628906
2019-02-14,169.16522216796875,133.45584106445312,56.148048400878906,32.099998474121094,12.654999732971191,45.945655822753906,52.271419525146484,62.19132995605469
2019-02-15,169.8765869140625,133.9488983154297,56.52543640136719,32.16999816894531,12.737000465393066,45.08573532104492,52.94181442260742,62.054325103759766
2019-02-19,170.21250915527344,134.7074737548828,56.9301872253418,32.25,12.925000190734863,45.81566619873047,53.029258728027344,62.2891960144043
2019-02-20,170.182861328125,135.36167907714844,56.998626708984375,32.2599983215332,12.906000137329102,46.14563751220703,53.087554931640625,62.798072814941406
2019-02-21,169.5604248046875,136.3098602294922,56.651554107666016,32.27000045776367,12.763999938964844,46.11563491821289,53.00982666015625,62.50448989868164
2019-02-22,170.815185546875,137.20114135742188,57.01525115966797,32.22999954223633,12.805000305175781,47.945465087890625,53.12641525268555,63.1014518737793
2019-02-25,171.4376220703125,136.3193359375,56.99080276489258,32.15999984741211,12.793999671936035,48.935367584228516,53.427608489990234,63.30696105957031
2019-02-26,171.61544799804688,136.02542114257812,57.46791076660156,32.13999938964844,12.815999984741211,48.29542922973633,53.61220932006836,63.12102127075195
2019-02-27,171.5067901611328,136.35728454589844,57.059242248535156,32.27000045776367,12.727999687194824,47.825477600097656,53.330448150634766,62.97422409057617
2019-02-28,171.11160278320312,136.94512939453125,56.7982063293457,32.11000061035156,12.652999877929688,47.65549087524414,52.81550979614258,61.62373352050781
2019-03-01,172.2971954345703,137.32440185546875,56.793312072753906,32.2599983215332,12.437000274658203,47.825477600097656,52.9709587097168,61.70201873779297
2019-03-04,172.32684326171875,137.55197143554688,56.44135284423828,32.209999084472656,12.404999732971191,48.3154296875,52.805789947509766,61.212711334228516
2019-03-05,172.45529174804688,137.31492614746094,56.55867004394531,32.2599983215332,12.423999786376953,49.7952880859375,52.8543701171875,61.06591796875
2019-03-06,171.47714233398438,137.27700805664062,56.55867004394531,32.099998474121094,12.416000366210938,49.40532684326172,52.54346466064453,60.80168914794922
2019-03-07,169.37269592285156,137.68475341796875,55.87918472290039,32.06999969482422,12.39900016784668,47.3955192565918,51.9216423034668,59.7839241027832
2019-03-08,169.11582946777344,138.22518920898438,55.44411849975586,32.029998779296875,12.531000137329102,46.78557586669922,51.83420181274414,59.39247512817383
2019-03-11,172.6331024169922,139.2207794189453,56.226261138916016,32.099998474121094,12.470999717712402,48.375423431396484,52.39772415161133,59.97964859008789
2019-03-12,173.58160400390625,140.13099670410156,56.617332458496094,32.0099983215332,12.550999641418457,48.425418853759766,52.52403259277344,60.322166442871094
2019-03-13,174.88572692871094,140.339599609375,56.95951461791992,32.040000915527344,12.637999534606934,48.53540802001953,52.72806167602539,59.93071746826172
2019-03-14,174.58937072753906,140.1594696044922,57.00840377807617,31.93000030517578,12.493000030517578,47.92546463012695,52.16454315185547,59.54905319213867
2019-03-15,176.2096710205078,140.7568359375,57.291927337646484,31.969999313354492,12.550000190734863,48.685394287109375,52.76692581176758,60.68425369262695
2019-03-18,176.62933349609375,140.22584533691406,57.64389419555664,31.920000076293945,12.560999870300293,49.07535934448242,52.91266632080078,60.86040496826172
2019-03-19,177.2232208251953,138.6423797607422,57.878536224365234,31.889999389648438,12.593999862670898,48.8953742980957,52.93209457397461,60.7234001159668
2019-03-20,177.9259796142578,139.0101776123047,57.86875915527344,31.829999923706055,12.666999816894531,48.23543930053711,52.96124267578125,60.99741744995117
2019-03-21,180.70730590820312,140.45274353027344,57.90786361694336,31.739999771118164,12.62600040435791,48.47541427612305,53.31101608276367,61.5356559753418
2019-03-22,176.73822021484375,141.4367218017578,56.98884963989258,31.700000762939453,12.654999732971191,47.04554748535156,52.73777770996094,59.91114807128906
2019-03-25,176.40170288085938,141.58001708984375,56.72488021850586,31.780000686645508,12.74899959564209,47.60549545288086,52.76692581176758,59.94050216674805
2019-03-26,177.2232208251953,142.544921875,57.222511291503906,31.84000015258789,12.682999610900879,47.71548843383789,53.34988021850586,59.72520446777344
2019-03-27,176.08494567871094,141.58001708984375,57.17070388793945,31.860000610351562,12.621999740600586,47.68548583984375,53.165279388427734,59.06953048706055
2019-03-28,176.4907684326172,140.04193115234375,57.2254524230957,31.790000915527344,12.442000389099121,48.0954475402832,53.194427490234375,59.3826904296875
2019-03-29,177.82699584960938,140.72976684570312,57.68202209472656,31.93000030517578,12.454999923706055,49.10535430908203,53.165279388427734,59.64691925048828
2019-04-01,180.18270874023438,139.87953186035156,58.39768600463867,31.969999313354492,12.406000137329102,50.305240631103516,53.83567428588867,60.82126235961914
2019-04-02,180.86566162109375,139.77444458007812,58.386932373046875,31.989999771118164,12.451000213623047,49.995269775390625,53.466468811035156,60.674468994140625
2019-04-03,181.9049530029297,139.65982055664062,58.96376037597656,32.0,12.432999610900879,50.63520812988281,53.78709411621094,61.809669494628906
2019-04-04,181.83567810058594,139.19171142578125,58.58539581298828,32.029998779296875,12.463000297546387,51.045169830322266,53.7579460144043,61.927101135253906
2019-04-05,182.77597045898438,140.4718475341797,58.933448791503906,32.02000045776367,12.451000213623047,51.88508987426758,53.79680633544922,62.07389831542969
2019-04-08,183.24118041992188,139.46875,58.91487503051758,31.989999771118164,12.508000373840332,51.8450927734375,53.67050552368164,61.68244552612305
2019-04-09,182.59779357910156,139.79354858398438,58.42212677001953,31.959999084472656,12.569999694824219,51.715110778808594,53.379024505615234,61.67266082763672
2019-04-10,183.5777130126953,139.325439453125,58.74475860595703,31.940000534057617,12.607999801635742,51.715110778808594,53.38874053955078,62.13261413574219
2019-04-11,183.14219665527344,140.1183624267578,58.416263580322266,31.809999465942383,12.447999954223633,50.9251823425293,53.22357177734375,61.72159194946289
2019-04-12,183.93405151367188,140.7775421142578,58.7486686706543,31.799999237060547,12.435999870300293,51.66511154174805,53.4956169128418,62.58277893066406
2019-04-15,183.9637451171875,140.71067810058594,58.682186126708984,31.709999084472656,12.413000106811523,50.655208587646484,53.48590087890625,62.52406311035156
2019-04-16,184.59719848632812,138.86688232421875,58.99309158325195,31.670000076293945,12.303000450134277,51.105167388916016,53.699649810791016,62.788291931152344
2019-04-17,185.24057006835938,138.4083251953125,58.82688522338867,31.549999237060547,12.282999992370605,51.46513366699219,53.699649810791016,62.92530059814453
2019-04-18,185.47811889648438,138.55162048339844,58.543357849121094,31.479999542236328,12.286999702453613,51.67510986328125,53.77737808227539,61.9368896484375
2019-04-22,186.00271606445312,138.3701171875,58.56291198730469,31.440000534057617,12.288999557495117,51.45513153076172,53.58306121826172,61.63351821899414
2019-04-23,188.3683319091797,138.92420959472656,58.17184066772461,31.5,12.26099967956543,51.95508575439453,53.88425064086914,61.86838912963867
2019-04-24,187.7744598388672,139.83177185058594,57.7846794128418,31.5,12.29699993133545,51.34514236450195,53.22357177734375,60.27323532104492
2019-04-25,188.53659057617188,140.25210571289062,57.78076934814453,31.5,12.312999725341797,50.625213623046875,53.34016418457031,59.950286865234375
2019-04-26,188.70484924316406,140.5482635498047,57.8902702331543,31.3799991607666,12.395000457763672,50.9251823425293,53.82596206665039,59.82307052612305
2019-04-29,189.0710906982422,139.79354858398438,58.05451965332031,31.34000015258789,12.336999893188477,50.94518280029297,54.03970718383789,60.74297332763672
2019-04-30,187.60617065429688,141.99082946777344,58.21094512939453,31.469999313354492,12.37399959564209,51.12516403198242,53.84539031982422,60.165584564208984
2019-05-01,187.0023956298828,140.5482635498047,57.77099609375,31.579999923706055,12.295000076293945,50.90518569946289,53.66078567504883,59.69585037231445
2019-05-02,186.19078063964844,140.30943298339844,57.64487075805664,31.649999618530273,12.25100040435791,50.76519775390625,53.68022155761719,60.106868743896484
2019-05-03,189.16017150878906,141.17880249023438,58.074073791503906,31.719999313354492,12.314000129699707,51.755104064941406,54.37004470825195,60.126441955566406
2019-05-06,188.0021209716797,140.35719299316406,57.6761589050293,31.860000610351562,12.34000015258789,49.91527557373047,53.81624221801758,59.079315185546875
2019-05-07,184.33987426757812,139.94642639160156,56.739540100097656,31.899999618530273,12.380999565124512,48.19544219970703,52.834938049316406,58.03219223022461
2019-05-08,183.87464904785156,137.9115447998047,56.72488021850586,31.84000015258789,12.345999717712402,48.04545593261719,52.514312744140625,58.1692008972168
2019-05-09,182.8848419189453,137.86378479003906,56.04050064086914,31.65999984741211,12.375,47.64549255371094,52.174259185791016,56.32939529418945
2019-05-10,183.1125030517578,140.25210571289062,56.17737579345703,31.799999237060547,12.395999908447266,47.995460510253906,52.53374481201172,56.51533126831055
2019-05-13,176.7580108642578,141.77105712890625,55.14104080200195,31.729999542236328,12.524999618530273,45.915653228759766,51.348411560058594,54.421085357666016
2019-05-14,178.69801330566406,140.7489013671875,55.58099365234375,31.760000228881836,12.49899959564209,46.90556335449219,52.0673828125,55.262699127197266
2019-05-15,181.2219696044922,140.57691955566406,55.8371467590332,31.729999542236328,12.494999885559082,47.62549591064453,52.14510726928711,55.5464973449707
2019-05-16,183.043212890625,141.4271697998047,56.11773681640625,31.59000015258789,12.406000137329102,47.595497131347656,52.35886001586914,54.77338790893555
2019-05-17,181.17250061035156,142.16278076171875,55.41478729248047,31.56999969482422,12.317000389099121,45.345706939697266,52.16454315185547,54.08835220336914
2019-05-20,178.11404418945312,142.3538360595703,54.78516387939453,31.6200008392334,12.319999694824219,43.48588943481445,51.88278579711914,53.89262771606445
2019-05-21,179.974853515625,142.5066680908203,55.35612869262695,31.75,12.288000106811523,44.475791931152344,52.24226760864258,54.58744812011719
2019-05-22,179.17311096191406,143.50025939941406,55.05500411987305,31.690000534057617,12.272000312805176,44.18581771850586,51.81477355957031,54.695098876953125
2019-05-23,176.43138122558594,144.5797576904297,54.45079803466797,31.729999542236328,12.369999885559082,42.505977630615234,51.4261360168457,54.176429748535156
2019-05-24,176.34228515625,144.379150390625,55.209476470947266,31.760000228881836,12.383999824523926,42.14601516723633,52.222835540771484,54.22536087036133
2019-05-28,175.67913818359375,142.10548400878906,54.730411529541016,31.760000228881836,12.333000183105469,42.34599304199219,51.78562545776367,54.2742919921875
2019-05-29,174.2340087890625,140.07058715820312,54.26112747192383,31.829999923706055,12.34000015258789,42.62596893310547,51.542728424072266,53.74583435058594
2019-05-30,174.9664764404297,139.8604278564453,54.353031158447266,31.81999969482422,12.42300033569336,42.49597930908203,51.775909423828125,54.401512145996094
2019-05-31,172.1752471923828,140.59603881835938,54.065589904785156,31.84000015258789,12.592000007629395,42.246002197265625,51.22210693359375,54.38193893432617
2019-06-03,168.38430786132812,142.17233276367188,54.4449348449707,31.81999969482422,12.779000282287598,42.126014709472656,51.523292541503906,55.409488677978516
2019-06-04,173.12545776367188,142.21055603027344,55.09215545654297,31.969999313354492,12.78600025177002,42.40598678588867,52.11595916748047,55.800941467285156
2019-06-05,174.41220092773438,145.26760864257812,55.317020416259766,31.940000534057617,12.8100004196167,42.15601348876953,52.14510726928711,55.243125915527344
2019-06-06,175.79791259765625,146.07008361816406,55.6230354309082,31.889999389648438,12.854000091552734,42.05602264404297,52.203407287597656,55.243125915527344
2019-06-07,179.19290161132812,144.9810028076172,56.079612731933594,31.829999923706055,12.928000450134277,42.865943908691406,52.834938049316406,55.74222183227539
2019-06-10,181.2813720703125,144.03521728515625,56.41202163696289,31.690000534057617,12.803999900817871,43.94584274291992,53.07783508300781,56.251102447509766
2019-06-11,181.5288543701172,143.15634155273438,56.66719055175781,31.68000030517578,12.793999671936035,44.665771484375,53.25271987915039,56.72084045410156
2019-06-12,180.47962951660156,145.0001220703125,56.50489807128906,31.68000030517578,12.83899974822998,43.53588104248047,52.66004943847656,56.143455505371094
2019-06-13,181.5486297607422,145.28671264648438,56.571380615234375,31.690000534057617,12.92300033569336,43.66586685180664,52.60175704956055,55.840084075927734
2019-06-14,180.77659606933594,146.64328002929688,56.31425094604492,31.670000076293945,12.925999641418457,42.8359489440918,52.465736389160156,55.43885040283203
2019-06-17,181.86538696289062,146.18128967285156,56.635032653808594,31.719999313354492,12.913999557495117,43.01593017578125,52.619659423828125,55.6737174987793
2019-06-18,184.50811767578125,145.79629516601562,57.01996994018555,31.709999084472656,12.975000381469727,44.67577362060547,52.93339920043945,57.04378890991211
2019-06-19,185.20098876953125,147.009033203125,57.34568405151367,31.799999237060547,13.0600004196167,44.915748596191406,53.40400695800781,57.44502258300781
2019-06-20,186.92323303222656,147.72125244140625,57.76023483276367,31.719999313354492,13.390999794006348,45.64568328857422,53.92363357543945,58.355140686035156
2019-06-21,186.64608764648438,148.38536071777344,57.46412658691406,31.81999969482422,13.484000205993652,45.095733642578125,53.394203186035156,58.090911865234375
2019-06-24,186.65203857421875,148.38536071777344,57.62205123901367,31.559999465942383,13.680999755859375,44.93574905395508,53.394203186035156,58.208343505859375
2019-06-25,183.4479217529297,147.51914978027344,56.990360260009766,31.510000228881836,13.706999778747559,43.7458610534668,53.15890121459961,57.94411849975586
2019-06-26,184.301025390625,144.3140869140625,56.921268463134766,31.459999084472656,13.581999778747559,44.65577697753906,53.080467224121094,58.482357025146484
2019-06-27,185.00534057617188,144.45846557617188,56.67451095581055,31.489999771118164,13.571000099182129,45.4756965637207,53.29616165161133,58.82487869262695
2019-06-28,185.24343872070312,145.1321563720703,56.9311408996582,31.549999237060547,13.600000381469727,45.345706939697266,53.51185607910156,58.59000778198242
2019-07-01,187.74322509765625,144.86270141601562,57.60724639892578,31.540000915527344,13.338000297546387,46.975555419921875,54.276588439941406,58.364925384521484
2019-07-02,188.48721313476562,146.58554077148438,57.72075271606445,31.56999969482422,13.621999740600586,46.56559371948242,54.44326400756836,57.93433380126953
2019-07-03,189.90576171875,147.6538848876953,58.23400115966797,31.56999969482422,13.654000282287598,46.21562957763672,54.600128173828125,56.93613815307617
2019-07-05,189.5188751220703,147.55764770507812,57.45919418334961,31.56999969482422,13.498000144958496,45.63568115234375,54.364830017089844,56.56426239013672
2019-07-08,188.1896209716797,147.73089599609375,57.14828109741211,31.510000228881836,13.413000106811523,44.63577651977539,54.051090240478516,55.47799301147461
2019-07-09,189.13201904296875,147.8175048828125,57.07228088378906,31.540000915527344,13.456000328063965,44.67577362060547,53.570682525634766,55.272483825683594
2019-07-10,191.01678466796875,148.24099731445312,57.11867141723633,31.5,13.670000076293945,44.65577697753906,53.89422607421875,55.98687744140625
2019-07-11,190.8778839111328,148.19285583496094,56.753475189208984,31.540000915527344,13.557000160217285,44.3158073425293,53.99226760864258,56.23153305053711
2019-07-12,191.97900390625,147.37477111816406,57.09892654418945,31.59000015258789,13.638999938964844,44.385799407958984,54.01187515258789,56.378326416015625
2019-07-15,192.59402465820312,147.759765625,57.49374008178711,31.6299991607666,13.63599967956543,45.11573028564453,54.051090240478516,56.192386627197266
2019-07-16,191.60203552246094,146.93203735351562,57.424644470214844,31.549999237060547,13.526000022888184,44.915748596191406,53.64911651611328,56.251102447509766
2019-07-17,190.65963745117188,147.61538696289062,57.17789077758789,31.6299991607666,13.744999885559082,44.69577407836914,53.600093841552734,55.752010345458984
2019-07-18,190.8778839111328,148.70298767089844,57.06932067871094,31.709999084472656,13.9350004196167,44.37580490112305,53.462833404541016,56.466400146484375
2019-07-19,189.4792022705078,146.5470428466797,57.246986389160156,31.6299991607666,13.734000205993652,44.405799865722656,53.600093841552734,56.4859733581543
2019-07-22,190.9870147705078,146.25830078125,57.151241302490234,31.540000915527344,13.734000205993652,44.24581527709961,53.67852783203125,56.838279724121094
2019-07-23,192.23692321777344,145.45945739746094,57.422672271728516,31.520000457763672,13.656000137329102,45.20572280883789,54.10991668701172,56.838279724121094
2019-07-24,193.5860137939453,145.46905517578125,57.629947662353516,31.489999771118164,13.729000091552734,45.6956787109375,54.17854309082031,56.5446891784668
2019-07-25,191.75083923339844,145.05520629882812,56.927188873291016,31.68000030517578,13.625,45.50569152832031,53.600093841552734,55.771583557128906
2019-07-26,193.72488403320312,145.77703857421875,57.128543853759766,31.790000915527344,13.651000022888184,45.50569152832031,53.73735427856445,55.90858840942383
2019-07-29,193.0602569580078,146.3352813720703,57.15815353393555,31.81999969482422,13.741000175476074,45.4556999206543,53.668724060058594,55.22355270385742
2019-07-30,192.2270050048828,145.39205932617188,56.7238655090332,31.780000686645508,13.786999702453613,45.03573989868164,53.3255729675293,55.125694274902344
2019-07-31,189.56849670410156,144.7953338623047,56.51067352294922,31.790000915527344,13.605999946594238,44.67577362060547,53.286354064941406,54.215576171875
2019-08-01,188.62608337402344,146.0465545654297,56.842308044433594,31.809999465942383,13.930000305175781,43.37589645385742,53.276554107666016,53.520751953125
2019-08-02,185.8485107421875,146.08505249023438,55.96485137939453,31.760000228881836,13.883999824523926,42.71596145629883,53.00203323364258,52.60084915161133
2019-08-05,179.2815704345703,143.871337890625,54.720218658447266,31.709999084472656,14.074999809265137,40.716148376464844,51.68825912475586,50.35002517700195
2019-08-06,181.7913055419922,145.50753784179688,55.085418701171875,31.700000762939453,14.190999984741211,41.1361083984375,52.34514236450195,50.721900939941406
2019-08-07,182.77337646484375,145.89256286621094,55.825679779052734,31.799999237060547,14.406000137329102,41.1361083984375,52.70790100097656,50.80018997192383
2019-08-08,186.75123596191406,147.576904296875,55.99742126464844,31.850000381469727,14.482999801635742,41.98603057861328,53.080467224121094,51.211212158203125
2019-08-09,184.99542236328125,147.5383758544922,55.7467155456543,31.760000228881836,14.437999725341797,41.26609802246094,52.52162170410156,51.025272369384766
2019-08-12,182.87257385253906,147.2015380859375,55.37165069580078,31.600000381469727,14.567000389099121,41.29609298706055,52.021602630615234,50.44788360595703
2019-08-13,186.8802032470703,147.307373046875,55.869110107421875,31.68000030517578,14.479000091552734,42.68595886230469,52.609859466552734,51.31885528564453
2019-08-14,181.29530334472656,146.11390686035156,54.575130462646484,31.610000610351562,14.583999633789062,41.766048431396484,51.33530044555664,50.08579635620117
2019-08-15,181.08697509765625,147.9137420654297,54.656063079833984,31.739999771118164,14.677000045776367,42.46598434448242,51.82551574707031,50.35980987548828
2019-08-16,183.99351501464844,148.86659240722656,55.21372985839844,31.770000457763672,14.581999778747559,43.355899810791016,52.364749908447266,51.083988189697266
2019-08-19,186.91986083984375,149.6943359375,55.71710968017578,31.790000915527344,14.414999961853027,45.25571823120117,52.354949951171875,51.005699157714844
2019-08-20,185.47157287597656,149.4729766845703,55.697364807128906,31.84000015258789,14.527999877929688,45.045738220214844,52.247100830078125,51.64180374145508
2019-08-21,187.1182861328125,150.37771606445312,56.00334548950195,31.8799991607666,14.477999687194824,45.345706939697266,52.423580169677734,52.28769302368164
2019-08-22,186.51316833496094,150.59906005859375,55.76646041870117,31.81999969482422,14.440999984741211,44.77576446533203,52.34514236450195,51.23078155517578
2019-08-23,180.61085510253906,148.808837890625,55.085418701171875,31.670000076293945,14.729999542236328,43.58587646484375,51.75688552856445,50.5653190612793
2019-08-26,183.3388214111328,150.6953125,55.47035217285156,31.829999923706055,14.730999946594238,44.305809020996094,52.51181411743164,50.67296600341797
2019-08-27,182.95191955566406,150.66644287109375,56.052696228027344,31.739999771118164,14.86299991607666,44.62577819824219,52.34514236450195,50.7904052734375
2019-08-28,183.60662841796875,150.52207946777344,56.03788757324219,31.799999237060547,14.831000328063965,44.785762786865234,52.32553482055664,51.26992416381836
2019-08-29,186.4139404296875,151.59043884277344,56.32905960083008,31.8799991607666,14.720999717712402,45.4756965637207,52.698097229003906,51.622230529785156
2019-08-30,185.96759033203125,151.70591735839844,56.43762969970703,31.889999389648438,14.685999870300293,45.27571487426758,52.864768981933594,52.1213264465332
2019-09-03,184.1621551513672,154.27574157714844,56.445526123046875,31.760000228881836,14.890999794006348,45.955650329589844,52.89418411254883,51.935386657714844
2019-09-04,186.8206787109375,154.3623809814453,57.17888259887695,31.829999923706055,14.98799991607666,46.455604553222656,53.18831253051758,53.099945068359375
2019-09-05,190.24302673339844,152.81277465820312,57.661529541015625,31.979999542236328,14.628999710083008,47.67549133300781,53.570682525634766,53.95134735107422
2019-09-06,190.05455017089844,152.20640563964844,57.918155670166016,31.979999542236328,14.501999855041504,47.78548049926758,53.756961822509766,54.22536087036133
2019-09-09,189.65774536132812,151.46530151367188,57.71088409423828,31.979999542236328,14.449000358581543,48.57540512084961,54.10991668701172,54.59723663330078
2019-09-10,189.11216735839844,151.49417114257812,57.543087005615234,32.099998474121094,14.319999694824219,48.19544219970703,54.26678466796875,55.03761672973633
2019-09-11,190.8878173828125,153.06300354003906,58.02672576904297,32.130001068115234,14.40999984741211,48.545406341552734,54.747196197509766,55.58564376831055
2019-09-12,191.681396484375,153.43838500976562,58.61202621459961,32.20000076293945,14.442999839782715,48.685394287109375,55.109954833984375,56.21195983886719
2019-09-13,190.99691772460938,152.64913940429688,58.99400329589844,32.20000076293945,14.324999809265137,48.945369720458984,55.75703430175781,56.789344787597656
2019-09-16,190.14381408691406,152.65878295898438,58.54984664916992,32.2400016784668,14.440999984741211,48.505409240722656,55.46290969848633,55.76179504394531
2019-09-17,191.05645751953125,154.02549743652344,58.54984664916992,32.209999084472656,14.472000122070312,48.125450134277344,55.668800354003906,55.82051086425781
2019-09-18,190.9770965576172,154.7281036376953,58.57945251464844,32.209999084472656,14.378999710083008,48.17544174194336,55.5511474609375,55.73243713378906
2019-09-19,191.29454040527344,155.3633575439453,59.02361297607422,32.11000061035156,14.437999725341797,48.565406799316406,55.962928771972656,55.654144287109375
2019-09-20,189.2708740234375,155.68096923828125,58.52023696899414,32.189998626708984,14.604999542236328,48.3054313659668,55.835472106933594,55.90858840942383
2019-09-23,189.3543701171875,155.950439453125,58.710731506347656,32.20000076293945,14.690999984741211,47.885467529296875,55.776649475097656,56.114097595214844
2019-09-24,186.83958435058594,157.6592559814453,58.37218475341797,32.11000061035156,14.767999649047852,47.095542907714844,55.85508346557617,55.83029556274414
2019-09-25,188.93690490722656,157.6107940673828,57.98329544067383,32.02000045776367,14.491999626159668,47.22553253173828,56.0805778503418,55.292057037353516
2019-09-26,188.24110412597656,158.29898071289062,58.174781799316406,31.979999542236328,14.493000030517578,46.86556625366211,56.178619384765625,55.301841735839844
2019-09-27,185.9052276611328,157.82400512695312,57.80563735961914,32.09000015258789,14.414999961853027,45.55569076538086,55.374671936035156,54.24493408203125
2019-09-30,187.6745147705078,157.84341430664062,57.621063232421875,32.04999923706055,14.194999694824219,45.75566864013672,55.62958526611328,55.13547897338867
2019-10-01,186.14378356933594,157.37815856933594,57.27659225463867,31.969999313354492,14.270000457763672,45.4556999206543,55.38447952270508,54.84189224243164
2019-10-02,182.9431610107422,155.25547790527344,56.55607223510742,31.940000534057617,14.4399995803833,45.50569152832031,54.69817352294922,53.84370040893555
2019-10-03,184.95101928710938,155.63351440429688,56.90251541137695,32.02000045776367,14.5,46.325618743896484,54.972694396972656,54.54830551147461
2019-10-04,187.6745147705078,157.9984893798828,57.525325775146484,31.950000762939453,14.503999710083008,46.47560119628906,55.6099739074707,54.92018127441406
2019-10-07,187.1079559326172,157.25216674804688,57.562828063964844,31.959999084472656,14.381999969482422,46.15563201904297,55.257022857666016,54.58744812011719
2019-10-08,184.30491638183594,155.79827880859375,57.059452056884766,31.920000076293945,14.506999969482422,45.385704040527344,54.93347930908203,54.84189224243164
2019-10-09,186.10403442382812,156.4476776123047,56.961734771728516,31.959999084472656,14.517000198364258,45.925655364990234,55.41388702392578,55.15504837036133
2019-10-10,187.54530334472656,156.32167053222656,57.31607437133789,32.0099983215332,14.390999794006348,46.91556167602539,55.34525680541992,55.781368255615234
2019-10-11,189.96070861816406,155.92428588867188,58.401790618896484,32.130001068115234,14.312999725341797,47.34552001953125,56.031558990478516,56.58383560180664
2019-10-14,189.94082641601562,154.99380493164062,58.3030891418457,32.0,14.371999740600586,47.325523376464844,55.78645324707031,56.251102447509766
2019-10-15,192.356201171875,154.42193603515625,58.582420349121094,32.060001373291016,14.269000053405762,47.7454833984375,56.61981964111328,56.90678024291992
2019-10-16,191.87908935546875,154.7805633544922,58.658416748046875,32.099998474121094,14.350000381469727,47.995460510253906,56.50216293334961,56.90678024291992
2019-10-17,192.3860321044922,155.1004180908203,58.95452117919922,32.2400016784668,14.366000175476074,47.95546340942383,56.355098724365234,57.16122055053711
2019-10-18,190.5372314453125,155.69166564941406,58.75020980834961,32.279998779296875,14.359000205993652,47.0755500793457,56.24725341796875,56.3587532043457
2019-10-21,192.22698974609375,156.24412536621094,59.24075698852539,32.29999923706055,14.288000106811523,47.64549255371094,56.649227142333984,57.366729736328125
2019-10-22,190.6962432861328,156.90322875976562,58.984130859375,32.36000061035156,14.335000038146973,47.10554504394531,56.71786117553711,57.816898345947266
2019-10-23,191.06402587890625,157.47509765625,59.17068099975586,32.380001068115234,14.366999626159668,46.985557556152344,56.953163146972656,57.7581787109375
2019-10-24,192.92276000976562,157.9112548828125,59.83296585083008,32.4900016784668,14.472000122070312,46.975555419921875,56.982574462890625,57.78753662109375
2019-10-25,194.4634552001953,156.3507537841797,60.20803451538086,32.54999923706055,14.505000114440918,47.635494232177734,56.953163146972656,57.88540267944336
2019-10-28,196.38186645507812,154.2571563720703,60.57224655151367,32.529998779296875,14.376999855041504,48.77538299560547,57.11983108520508,58.26706314086914
2019-10-29,194.86105346679688,154.50917053222656,60.424190521240234,32.47999954223633,14.335000038146973,47.855472564697266,57.36494445800781,58.03219223022461
2019-10-30,195.80535888671875,155.71102905273438,60.47156524658203,32.58000183105469,14.41100025177002,47.90546798706055,57.52180862426758,58.120269775390625
2019-10-31,195.89479064941406,156.43797302246094,60.2179069519043,32.59000015258789,14.557999610900879,47.77547836303711,57.5316162109375,57.67010498046875
2019-11-01,197.67404174804688,156.19566345214844,61.27401351928711,32.709999084472656,14.569000244140625,48.515411376953125,58.10026550292969,58.80530548095703
2019-11-04,198.8966522216797,154.2280731201172,61.57110595703125,32.630001068115234,14.529999732971191,50.055267333984375,58.492435455322266,59.35333251953125
2019-11-05,199.0059814453125,152.70635986328125,61.471412658691406,32.54999923706055,14.3100004196167,49.7852897644043,58.57087326049805,60.067726135253906
2019-11-06,198.5586700439453,152.96804809570312,61.17531204223633,32.59000015258789,14.369999885559082,49.395328521728516,58.443416595458984,59.46097946166992
2019-11-07,199.22463989257812,151.10707092285156,61.974796295166016,32.689998626708984,14.140000343322754,50.67520523071289,58.786563873291016,60.194942474365234
2019-11-08,200.01983642578125,150.47706604003906,61.905704498291016,32.7599983215332,14.050000190734863,50.40523147583008,58.75715255737305,59.79370880126953
2019-11-11,199.75148010253906,149.37210083007812,61.812923431396484,32.81999969482422,14.010000228881836,49.72529602050781,58.61008834838867,58.991241455078125
2019-11-12,200.32797241210938,149.62413024902344,61.758636474609375,32.86000061035156,14.050000190734863,49.545310974121094,58.737545013427734,58.991241455078125
2019-11-13,200.37767028808594,151.8533935546875,62.0044059753418,32.810001373291016,14.100000381469727,49.04536056518555,58.531654357910156,58.452999114990234
2019-11-14,200.21861267089844,152.39617919921875,61.76554870605469,32.810001373291016,14.170000076293945,48.47541427612305,58.27674102783203,59.04996109008789
2019-11-15,201.6897430419922,152.87112426757812,62.242279052734375,32.79999923706055,14.119999885559082,48.74538803100586,58.619895935058594,60.22430419921875
2019-11-18,201.84878540039062,153.0649871826172,62.34492874145508,32.810001373291016,14.170000076293945,48.515411376953125,58.668914794921875,59.82307052612305
2019-11-19,202.14697265625,152.70635986328125,62.40809631347656,32.849998474121094,14.180000305175781,49.115352630615234,58.48263168334961,59.43162155151367
2019-11-20,200.9342803955078,153.71437072753906,61.96492385864258,32.84000015258789,14.180000305175781,48.58540344238281,58.30615997314453,58.746585845947266
2019-11-21,200.4870147705078,153.02621459960938,61.69546890258789,32.86000061035156,14.119999885559082,48.855377197265625,58.3649787902832,57.68967819213867
2019-11-22,200.61624145507812,153.229736328125,61.20492172241211,32.84000015258789,14.079999923706055,48.945369720458984,58.40420150756836,57.74839401245117
2019-11-25,202.99185180664062,152.6578826904297,61.93136215209961,32.900001525878906,14.010000228881836,49.37533187866211,58.80617141723633,58.687870025634766
2019-11-26,203.3795166015625,153.29759216308594,62.33505630493164,32.88999938964844,14.079999923706055,49.545310974121094,58.708133697509766,58.727012634277344
2019-11-27,204.8009033203125,153.54962158203125,62.380462646484375,32.869998931884766,14.010000228881836,50.23524856567383,58.82578659057617,58.54107666015625
2019-11-29,203.8665771484375,153.26852416992188,61.77739334106445,32.869998931884766,14.15999984741211,49.92527770996094,58.266937255859375,57.219940185546875
2019-12-02,201.77919006347656,152.08602905273438,61.688560485839844,32.81999969482422,14.079999923706055,49.85528564453125,58.149288177490234,56.85784912109375
2019-12-03,200.19876098632812,152.70635986328125,61.688560485839844,32.90999984741211,14.220000267028809,49.505313873291016,58.374786376953125,56.20217514038086
2019-12-04,201.21263122558594,153.73374938964844,62.10014724731445,32.939998626708984,14.210000038146973,49.595306396484375,59.031673431396484,56.30982208251953
2019-12-05,201.61021423339844,153.97607421875,62.06362533569336,32.810001373291016,14.220000267028809,50.43522644042969,58.79637145996094,56.12388229370117
2019-12-06,203.7671661376953,153.65621948242188,62.58477020263672,32.91999816894531,14.0600004196167,50.80519485473633,59.472869873046875,56.887210845947266
2019-12-09,202.8427734375,152.86143493652344,62.23635482788086,32.900001525878906,14.069999694824219,50.34523391723633,59.139522552490234,56.466400146484375
2019-12-10,202.6737823486328,152.9292755126953,62.14258575439453,32.90999984741211,14.100000381469727,50.445228576660156,59.110107421875,56.985069274902344
2019-12-11,203.74729919433594,153.49147033691406,62.616355895996094,32.9900016784668,14.210000038146973,50.9351806640625,59.23756408691406,57.67988967895508
2019-12-12,205.26806640625,152.85174560546875,62.992408752441406,32.95000076293945,14.149999618530273,51.69511032104492,59.38462829589844,59.72520446777344
2019-12-13,205.94400024414062,154.0148468017578,63.5145378112793,33.02000045776367,14.220000267028809,51.40513610839844,59.54149627685547,59.87200164794922
2019-12-16,208.01148986816406,156.00294494628906,64.32154083251953,33.099998474121094,14.220000267028809,52.6550178527832,59.81532669067383,60.310001373291016
2019-12-17,208.13076782226562,156.4809112548828,64.23816680908203,33.13999938964844,14.210000038146973,53.194969177246094,59.68634796142578,61.369998931884766
2019-12-18,208.28981018066406,157.22232055664062,64.18952178955078,33.029998779296875,14.220000267028809,53.40494918823242,59.448238372802734,61.36000061035156
2019-12-19,209.59193420410156,157.0564727783203,64.06941223144531,33.09000015258789,14.25,53.30495834350586,59.38871383666992,61.529998779296875
2019-12-20,210.4368133544922,158.23683166503906,64.39102935791016,32.9900016784668,14.220000267028809,52.85499954223633,59.34902572631836,61.91999816894531
2019-12-23,210.99266052246094,156.5979766845703,64.60542297363281,33.04999923706055,14.3100004196167,52.84000015258789,59.29941940307617,61.68000030517578
2019-12-24,211.10223388671875,156.7833251953125,64.39301300048828,33.06999969482422,14.4399995803833,52.95000076293945,59.061309814453125,61.209999084472656
2019-12-26,212.9650115966797,156.92965698242188,64.44660949707031,33.18000030517578,14.5600004196167,53.58000183105469,59.22004699707031,61.599998474121094
2019-12-27,212.7857208251953,157.35887145996094,64.89527130126953,33.130001068115234,14.550000190734863,53.0099983215332,59.11091613769531,62.4900016784668
2019-12-30,211.39112854003906,157.31985473632812,64.75332641601562,33.189998626708984,14.59000015258789,52.52000045776367,58.585086822509766,61.900001525878906
2019-12-31,211.78956604003906,158.0807647705078,64.96673583984375,33.20000076293945,14.619999885559082,52.58000183105469,58.77359390258789,62.189998626708984
2020-01-02,215.32589721679688,156.11021423339844,65.3488998413086,33.220001220703125,14.710000038146973,55.31999969482422,59.38871383666992,62.16999816894531
2020-01-03,213.353515625,156.23704528808594,64.93695831298828,33.27000045776367,14.920000076293945,54.650001525878906,58.733909606933594,60.90999984741211
2020-01-06,214.7281951904297,156.46141052246094,64.9865951538086,33.25,15.079999923706055,55.099998474121094,58.94225311279297,60.689998626708984
2020-01-07,214.69830322265625,156.2565460205078,64.713623046875,33.36000061035156,15.140000343322754,55.29999923706055,59.041465759277344,61.34000015258789
2020-01-08,216.3120574951172,156.227294921875,65.38463592529297,33.36000061035156,15.020000457763672,55.720001220703125,59.051387786865234,61.380001068115234
2020-01-09,218.1449737548828,156.93942260742188,65.57025146484375,33.33000183105469,14.930000305175781,56.54999923706055,59.46807861328125,61.959999084472656
2020-01-10,217.5871124267578,157.32960510253906,65.3915786743164,33.31999969482422,15.020000457763672,57.040000915527344,59.051387786865234,62.689998626708984
2020-01-13,220.09739685058594,158.27586364746094,66.34647369384766,33.29999923706055,14.90999984741211,58.93000030517578,59.38871383666992,64.08999633789062
2020-01-14,219.2307586669922,158.77334594726562,66.68595123291016,33.33000183105469,14.890000343322754,57.7400016784668,59.40855407714844,63.880001068115234
2020-01-15,219.32040405273438,160.97799682617188,66.9916763305664,33.36000061035156,14.979999542236328,57.939998626708984,59.190284729003906,63.16999816894531
2020-01-16,221.42225646972656,161.9730224609375,67.22792053222656,33.43000030517578,14.960000038146973,58.22999954223633,59.22997283935547,63.939998626708984
2020-01-17,222.5180206298828,163.0460662841797,67.29939270019531,33.38999938964844,14.989999771118164,58.310001373291016,59.269657135009766,64.04000091552734
2020-01-21,222.4184112548828,164.25570678710938,67.43338775634766,33.400001525878906,15.0,56.630001068115234,58.95217514038086,62.650001525878906
2020-01-22,223.00611877441406,164.87025451660156,67.62397003173828,33.400001525878906,15.010000228881836,56.90999984741211,59.22004699707031,63.88999938964844
2020-01-23,223.72335815429688,166.33352661132812,67.35100555419922,33.34000015258789,15.050000190734863,55.689998626708984,59.28949737548828,63.25
2020-01-24,221.8406524658203,166.7432403564453,67.10086059570312,33.459999084472656,15.130000114440918,54.5099983215332,59.061309814453125,62.900001525878906
2020-01-27,217.25840759277344,166.22622680664062,65.97623443603516,33.380001068115234,15.239999771118164,52.29999923706055,57.999732971191406,60.709999084472656
2020-01-28,220.59547424316406,166.71397399902344,66.5767593383789,33.439998626708984,15.109999656677246,53.27000045776367,58.51564025878906,60.65999984741211
2020-01-29,220.95407104492188,167.17247009277344,66.72069549560547,33.43000030517578,15.1899995803833,53.7599983215332,58.3271369934082,60.70000076293945
2020-01-30,221.7410430908203,168.6942596435547,66.52415466308594,33.40999984741211,15.1899995803833,53.0,58.247764587402344,59.349998474121094
2020-01-31,218.22467041015625,167.99191284179688,65.8670425415039,33.310001373291016,15.270000457763672,51.970001220703125,57.29532241821289,57.650001525878906
2020-02-03,221.52188110351562,168.4503631591797,67.5892333984375,33.25,15.180000305175781,52.72999954223633,57.73185729980469,58.58000183105469
2020-02-04,226.5922393798828,166.8212890625,69.65188598632812,33.31999969482422,14.970000267028809,55.130001068115234,58.60493087768555,60.2400016784668
2020-02-05,227.33935546875,167.55291748046875,69.32432556152344,33.27000045776367,15.0,54.95000076293945,59.13075637817383,60.79999923706055
2020-02-06,229.30174255371094,167.58218383789062,69.22208404541016,33.27000045776367,15.079999923706055,55.63999938964844,59.577213287353516,61.65999984741211
2020-02-07,228.3155517578125,167.10418701171875,68.36148834228516,33.040000915527344,15.109999656677246,55.380001068115234,59.00178146362305,60.45000076293945
2020-02-10,231.0748748779297,167.7577667236328,69.09602355957031,33.04999923706055,15.149999618530273,55.56999969482422,58.932334899902344,61.02000045776367
2020-02-11,231.1147003173828,168.391845703125,69.6816635131836,33.130001068115234,15.09000015258789,56.22999954223633,59.22997283935547,61.91999816894531
2020-02-12,233.36599731445312,168.4406280517578,69.6419677734375,33.18000030517578,15.09000015258789,57.70000076293945,58.94225311279297,62.900001525878906
2020-02-13,233.06715393066406,170.16729736328125,69.41862487792969,33.220001220703125,15.170000076293945,56.79999923706055,58.42634963989258,61.83000183105469
2020-02-14,233.7345733642578,171.33787536621094,69.34913635253906,33.11000061035156,15.239999771118164,56.540000915527344,57.98981475830078,62.09000015258789
2020-02-18,233.82421875,172.72311401367188,69.3342514038086,33.119998931884766,15.4399995803833,57.16999816894531,57.12666320800781,61.08000183105469
2020-02-19,236.06553649902344,171.04522705078125,70.19485473632812,33.220001220703125,15.529999732971191,57.709999084472656,57.02745056152344,61.06999969482422
2020-02-20,233.8740234375,171.41592407226562,70.087646484375,33.279998779296875,15.59000015258789,57.400001525878906,56.660362243652344,59.209999084472656
2020-02-21,229.38143920898438,171.15252685546875,70.01419830322266,33.15999984741211,15.829999923706055,57.5,56.18414306640625,58.369998931884766
2020-02-24,220.53570556640625,169.1137237548828,67.93962860107422,33.11000061035156,15.979999542236328,56.290000915527344,54.289180755615234,55.31999969482422
2020-02-25,214.53890991210938,165.41656494140625,66.82988739013672,32.970001220703125,15.6899995803833,56.66999816894531,54.19989013671875,55.290000915527344
2020-02-26,215.64463806152344,163.7094268798828,66.85768127441406,32.970001220703125,15.760000228881836,56.47999954223633,54.46776580810547,55.959999084472656
2020-02-27,204.84646606445312,156.5297088623047,64.6093978881836,33.09000015258789,15.760000228881836,55.5099983215332,52.60256576538086,54.900001525878906
2020-02-28,205.005859375,150.48155212402344,63.448036193847656,32.959999084472656,15.180000305175781,54.189998626708984,52.54303741455078,54.959999084472656
2020-03-02,215.58486938476562,159.72935485839844,65.24268341064453,33.04999923706055,15.270000457763672,55.529998779296875,53.207763671875,56.209999084472656
2020-03-03,208.67166137695312,157.82711791992188,64.93795013427734,33.040000915527344,15.75,55.58000183105469,52.523193359375,55.529998779296875
2020-03-04,217.3779296875,166.67495727539062,67.11079406738281,33.0,15.779999732971191,56.0,53.66413879394531,57.58000183105469
2020-03-05,210.7735137939453,163.87525939941406,65.7310562133789,32.38999938964844,16.1200008392334,55.810001373291016,52.691856384277344,56.31999969482422
2020-03-06,207.21730041503906,162.6461181640625,65.10570526123047,32.08000183105469,16.110000610351562,54.09000015258789,52.18587112426758,55.540000915527344
2020-03-09,192.82305908203125,153.291015625,61.40821075439453,30.989999771118164,16.15999984741211,51.58000183105469,49.52696990966797,52.47999954223633
2020-03-10,203.3223876953125,155.19325256347656,63.023197174072266,31.809999465942383,15.829999923706055,54.38999938964844,51.00524139404297,54.720001220703125
2020-03-11,194.46669006347656,147.33067321777344,60.26769256591797,31.579999923706055,15.760000228881836,51.9900016784668,49.27893829345703,52.040000915527344
2020-03-12,176.63575744628906,132.05426025390625,55.3929557800293,30.18000030517578,15.140000343322754,48.31999969482422,44.44728088378906,46.65999984741211
2020-03-13,191.59779357910156,139.95587158203125,58.36882019042969,30.010000228881836,14.670000076293945,50.310001373291016,45.90570831298828,49.72999954223633
2020-03-16,168.64671325683594,124.74771118164062,52.608665466308594,28.6299991607666,14.529999732971191,44.79999923706055,42.879722595214844,41.869998931884766
2020-03-17,181.43714904785156,139.85829162597656,55.62324142456055,30.110000610351562,14.720000267028809,46.77000045776367,44.983028411865234,44.88999938964844
2020-03-18,175.9185333251953,132.65907287597656,52.27415466308594,27.8799991607666,14.380000114440918,44.31999969482422,44.03059005737305,40.66999816894531
2020-03-19,176.97445678710938,126.57191467285156,53.72536087036133,28.770000457763672,14.119999885559082,46.119998931884766,44.64570617675781,39.0
2020-03-20,170.0413055419922,116.2315444946289,52.42007064819336,29.1200008392334,14.34000015258789,45.61000061035156,44.75484085083008,40.58000183105469
2020-03-23,170.16409301757812,110.23218536376953,51.04529571533203,28.959999084472656,14.960000038146973,46.0,44.28853988647461,38.970001220703125
2020-03-24,183.34117126464844,121.4114761352539,53.829586029052734,29.829999923706055,15.760000228881836,48.29999923706055,47.3641357421875,43.81999969482422
2020-03-25,181.98353576660156,125.2294921875,54.82716369628906,30.559999465942383,15.479999542236328,49.0,48.257049560546875,46.18000030517578
2020-03-26,191.56686401367188,135.35769653320312,56.82728576660156,30.700000762939453,15.720000267028809,49.959999084472656,49.844451904296875,47.84000015258789
2020-03-27,184.97833251953125,136.3616485595703,56.156280517578125,30.479999542236328,15.609999656677246,47.52000045776367,49.7849235534668,45.310001373291016
2020-03-30,191.7066192626953,141.16493225097656,57.303741455078125,30.540000915527344,15.619999885559082,47.41999816894531,50.39012145996094,46.279998779296875
2020-03-31,190.0694580078125,135.91873168945312,57.05657958984375,30.139999389648438,15.149999618530273,47.880001068115234,49.00114440917969,46.91999816894531
2020-04-01,181.99351501464844,127.74922943115234,54.83708953857422,30.020000457763672,15.3100004196167,47.099998474121094,46.669647216796875,43.689998626708984
2020-04-02,185.6870880126953,131.3713836669922,55.480308532714844,30.059999465942383,15.550000190734863,49.09000015258789,47.264923095703125,45.880001068115234
2020-04-03,183.05166625976562,126.98149871826172,54.930397033691406,29.889999389648438,15.630000114440918,48.31999969482422,46.203346252441406,45.150001525878906
2020-04-06,196.138916015625,136.5289764404297,57.684906005859375,30.479999542236328,16.059999465942383,50.04999923706055,48.93169403076172,48.290000915527344
2020-04-07,196.05905151367188,135.30848693847656,57.680938720703125,30.450000762939453,15.960000038146973,50.22999954223633,49.45751953125,48.81999969482422
2020-04-08,200.22181701660156,142.18858337402344,58.72020721435547,30.739999771118164,15.829999923706055,50.02000045776367,49.33846664428711,49.08000183105469
2020-04-09,200.5113067626953,149.21632385253906,59.55698013305664,30.850000381469727,16.200000762939453,50.11000061035156,49.98334884643555,48.939998626708984
2020-04-13,202.6775360107422,144.22601318359375,59.6334114074707,30.729999542236328,16.540000915527344,49.11000061035156,49.775001525878906,48.66999816894531
2020-04-14,211.49221801757812,148.12376403808594,61.211673736572266,30.739999771118164,16.610000610351562,50.380001068115234,50.68775939941406,49.86000061035156
2020-04-15,209.06642150878906,143.15316772460938,59.87461853027344,31.030000686645508,16.600000381469727,50.25,50.18177795410156,48.34000015258789
2020-04-16,212.8798065185547,143.07443237304688,59.9063835144043,31.139999389648438,16.540000915527344,51.31999969482422,49.75516128540039,48.95000076293945
2020-04-17,214.916259765625,147.7103729248047,61.43699645996094,31.25,16.239999771118164,52.130001068115234,50.419883728027344,50.77000045776367
2020-04-20,212.37069702148438,142.18858337402344,60.63297653198242,31.31999969482422,16.34000015258789,51.7599983215332,49.646026611328125,49.65999984741211
2020-04-21,204.53431701660156,140.0526885986328,59.31875228881836,31.200000762939453,16.229999542236328,50.81999969482422,49.179725646972656,48.209999084472656
2020-04-22,210.603759765625,143.79293823242188,60.28953170776367,31.010000228881836,16.579999923706055,51.540000915527344,50.032955169677734,49.63999938964844
2020-04-23,210.154541015625,141.58816528320312,60.14262390136719,31.100000381469727,16.700000762939453,51.2400016784668,50.1024055480957,49.7599983215332
2020-04-24,213.46878051757812,142.34605407714844,60.77790069580078,30.979999542236328,16.649999618530273,50.959999084472656,50.48933410644531,49.81999969482422
2020-04-27,215.185791015625,144.0980682373047,61.67820358276367,30.959999084472656,16.540000915527344,51.63999938964844,51.18382263183594,51.18000030517578
2020-04-28,211.13284301757812,144.7772216796875,61.760589599609375,31.270000457763672,16.440000534057617,51.400001525878906,51.92791748046875,51.25
2020-04-29,218.61981201171875,143.77325439453125,62.88919448852539,31.40999984741211,16.530000686645508,52.09000015258789,52.84067153930664,52.68000030517578
2020-04-30,218.5299835205078,140.19049072265625,61.974002838134766,31.389999389648438,16.25,51.83000183105469,51.352481842041016,51.619998931884766
2020-05-01,212.37069702148438,136.81442260742188,60.07115936279297,31.489999771118164,16.3700008392334,49.5,50.44964599609375,49.84000015258789
2020-05-04,214.8463897705078,137.7002716064453,60.073143005371094,31.479999542236328,16.420000076293945,49.599998474121094,50.20161437988281,50.16999816894531
2020-05-05,217.2821502685547,138.78297424316406,60.728267669677734,31.440000534057617,16.459999084472656,50.58000183105469,50.68775939941406,50.45000076293945
2020-05-06,218.61981201171875,134.0387420654297,60.21607971191406,31.549999237060547,16.280000686645508,51.959999084472656,50.30083084106445,50.16999816894531
2020-05-07,221.4349365234375,134.68838500976562,60.81462478637695,31.670000076293945,16.530000686645508,52.7400016784668,51.05484390258789,51.06999969482422
2020-05-08,224.4696502685547,137.6018524169922,61.823123931884766,31.989999771118164,16.420000076293945,53.88999938964844,51.92791748046875,51.790000915527344
2020-05-11,226.4761505126953,136.8341064453125,61.93926239013672,31.850000381469727,16.31999969482422,53.529998779296875,52.423980712890625,50.84000015258789
2020-05-12,221.73440551757812,135.46597290039062,61.4906005859375,31.530000686645508,16.389999389648438,53.790000915527344,51.73941421508789,50.380001068115234
2020-05-13,218.959228515625,134.13719177246094,61.15707778930664,31.260000228881836,16.530000686645508,53.900001525878906,51.98744583129883,50.470001220703125
2020-05-14,221.44491577148438,135.2494354248047,61.02605438232422,31.360000610351562,16.690000534057617,54.060001373291016,51.213584899902344,50.86000061035156
2020-05-15,222.88241577148438,133.76315307617188,61.11042404174805,31.260000228881836,16.790000915527344,54.09000015258789,51.30287551879883,49.900001525878906
2020-05-18,227.03517150878906,139.51133728027344,62.723426818847656,31.200000762939453,16.670000076293945,55.279998779296875,52.58272171020508,51.90999984741211
2020-05-19,226.46617126464844,137.2770233154297,61.50251007080078,31.010000228881836,16.799999237060547,55.95000076293945,51.96760559082031,51.95000076293945
2020-05-20,230.98831176757812,137.99554443359375,62.32042694091797,30.920000076293945,16.84000015258789,56.380001068115234,52.751380920410156,52.59000015258789
2020-05-21,228.47268676757812,136.7947235107422,61.97102355957031,30.809999465942383,16.610000610351562,54.77000045776367,52.18587112426758,51.9900016784668
2020-05-22,229.26132202148438,138.0742950439453,61.92436981201172,30.989999771118164,16.709999084472656,52.25,52.25531768798828,51.22999954223633
2020-05-26,228.6423797607422,139.44244384765625,63.39443588256836,31.1200008392334,16.479999542236328,54.220001220703125,54.031227111816406,53.0
2020-05-27,229.8902130126953,140.8302764892578,63.36167907714844,31.459999084472656,16.5,53.709999084472656,54.72571563720703,53.02000045776367
2020-05-28,229.5907440185547,144.85597229003906,63.77460861206055,31.260000228881836,16.540000915527344,53.0099983215332,55.44004821777344,52.619998931884766
2020-05-29,232.95489501953125,145.82054138183594,64.37613677978516,31.190000534057617,16.68000030517578,54.400001525878906,54.97374725341797,53.560001373291016
2020-06-01,233.65367126464844,147.42491149902344,65.38265228271484,31.489999771118164,16.760000228881836,56.2599983215332,55.807132720947266,54.939998626708984
2020-06-02,235.220947265625,148.41903686523438,65.9831771850586,31.139999389648438,16.6299991607666,57.02000045776367,56.0551643371582,56.279998779296875
2020-06-03,236.27911376953125,150.26947021484375,67.24280548095703,31.280000686645508,16.329999923706055,58.29999923706055,56.44209289550781,58.630001068115234
2020-06-04,234.6219940185547,147.67098999023438,67.09590148925781,31.420000076293945,16.520000457763672,57.68000030517578,55.807132720947266,57.470001220703125
2020-06-05,239.27391052246094,149.59033203125,68.13516998291016,31.799999237060547,16.170000076293945,58.970001220703125,56.61075973510742,59.970001220703125
2020-06-08,241.13067626953125,153.6455535888672,69.15061950683594,31.899999618530273,16.34000015258789,58.7400016784668,57.44414520263672,60.22999954223633
2020-06-09,242.8776397705078,150.42697143554688,68.7138671875,31.65999984741211,16.5,58.290000915527344,57.14650344848633,59.36000061035156
2020-06-10,245.79257202148438,149.42300415039062,68.48059844970703,31.1200008392334,16.719999313354492,59.34000015258789,57.11674118041992,60.02000045776367
2020-06-11,233.61375427246094,143.3697052001953,65.82038879394531,30.770000457763672,16.6200008392334,57.86000061035156,54.715797424316406,56.720001220703125
2020-06-12,235.47052001953125,142.94647216796875,66.54499816894531,30.93000030517578,16.670000076293945,58.880001068115234,55.697998046875,57.47999954223633
2020-06-15,238.33554077148438,143.95680236816406,67.33499908447266,31.040000915527344,16.6200008392334,58.939998626708984,55.09000015258789,55.5
2020-06-16,242.4284210205078,144.43272399902344,68.0,31.049999237060547,16.600000381469727,59.95000076293945,56.150001525878906,56.779998779296875
2020-06-17,243.1970672607422,144.17494201660156,68.24500274658203,31.1299991607666,16.6299991607666,60.900001525878906,56.400001525878906,57.41999816894531
2020-06-18,243.85592651367188,144.11544799804688,68.1510009765625,31.09000015258789,16.610000610351562,61.529998779296875,56.29999923706055,57.2400016784668
2020-06-19,243.81600952148438,140.14942932128906,68.0999984741211,31.100000381469727,16.790000915527344,61.65999984741211,56.029998779296875,56.75
2020-06-22,246.74000549316406,141.40863037109375,68.53800201416016,31.200000762939453,16.8799991607666,62.52000045776367,56.40999984741211,57.720001220703125
2020-06-23,248.83999633789062,140.0006866455078,68.77999877929688,31.399999618530273,17.030000686645508,63.880001068115234,56.560001373291016,57.709999084472656
2020-06-24,243.7100067138672,138.62249755859375,67.41500091552734,31.219999313354492,17.0,63.029998779296875,55.380001068115234,57.5
2020-06-25,246.02999877929688,137.14515686035156,68.00800323486328,31.309999465942383,16.959999084472656,63.310001373291016,56.0099983215332,57.400001525878906
2020-06-26,240.22000122070312,135.56866455078125,67.0739974975586,31.270000457763672,17.040000915527344,63.189998626708984,55.470001220703125,57.06999969482422
2020-06-29,242.83999633789062,138.4043731689453,67.78500366210938,31.420000076293945,17.059999465942383,63.09000015258789,55.47999954223633,57.20000076293945
2020-06-30,247.60000610351562,139.00918579101562,68.15299987792969,31.530000686645508,17.139999389648438,63.47999954223633,54.91999816894531,57.130001068115234
2020-07-01,250.49000549316406,142.0927734375,68.79499816894531,31.399999618530273,17.049999237060547,63.93000030517578,54.810001373291016,57.459999084472656
2020-07-02,252.19000244140625,142.3406524658203,70.1729965209961,31.3799991607666,17.079999923706055,65.13999938964844,55.16999816894531,58.38999938964844
2020-07-06,258.3900146484375,140.7244873046875,72.5999984741211,31.520000457763672,17.190000534057617,69.94999694824219,55.880001068115234,60.130001068115234
2020-07-07,256.6099853515625,140.02052307128906,72.43000030517578,31.530000686645508,17.299999237060547,68.79000091552734,55.380001068115234,58.810001373291016
2020-07-08,259.989990234375,141.19049072265625,72.76000213623047,31.549999237060547,17.40999984741211,71.66000366210938,55.34000015258789,59.18000030517578
2020-07-09,262.17999267578125,139.1876678466797,72.7959976196289,31.6200008392334,17.3700008392334,73.12000274658203,55.06999969482422,58.81999969482422
2020-07-10,263.9700012207031,142.02337646484375,73.8550033569336,31.770000457763672,17.31999969482422,72.45999908447266,55.790000915527344,58.43000030517578
2020-07-13,258.5400085449219,142.15225219726562,73.55999755859375,31.6200008392334,17.329999923706055,71.5199966430664,55.5,58.52000045776367
2020-07-14,260.3699951171875,143.34207153320312,74.37000274658203,31.790000915527344,17.43000030517578,70.91999816894531,55.939998626708984,59.04999923706055
2020-07-15,260.8999938964844,142.9950408935547,74.58999633789062,31.940000534057617,17.43000030517578,70.30000305175781,56.650001525878906,59.5099983215332
2020-07-16,259.1199951171875,144.5814666748047,73.87999725341797,32.02000045776367,17.280000686645508,67.4800033569336,56.06999969482422,58.90999984741211
2020-07-17,259.4200134277344,147.83360290527344,73.52999877929688,32.16999816894531,17.43000030517578,67.5999984741211,56.15999984741211,59.439998626708984
2020-07-20,266.7799987792969,145.74151611328125,75.43000030517578,32.2400016784668,17.510000228881836,68.58000183105469,56.20000076293945,59.75
2020-07-21,264.0,146.49505615234375,75.01000213623047,32.20000076293945,17.709999084472656,69.83999633789062,56.22999954223633,60.099998474121094
2020-07-22,264.92999267578125,148.77552795410156,74.8499984741211,32.16999816894531,17.989999771118164,68.5199966430664,56.08000183105469,59.869998931884766
2020-07-23,258.010009765625,148.98373413085938,74.28500366210938,32.22999954223633,18.139999389648438,68.2699966430664,55.88999938964844,58.9900016784668
2020-07-24,255.55999755859375,147.9922332763672,73.5,32.099998474121094,18.299999237060547,66.9000015258789,55.83000183105469,58.90999984741211
2020-07-27,260.1199951171875,145.9398193359375,74.38999938964844,32.16999816894531,18.65999984741211,67.08999633789062,56.939998626708984,60.08000183105469
2020-07-28,256.80999755859375,148.2202911376953,74.56400299072266,32.099998474121094,18.81999969482422,67.0,56.59000015258789,60.22999954223633
2020-07-29,259.7699890136719,148.98373413085938,75.1510009765625,32.189998626708984,18.950000762939453,68.91000366210938,56.619998931884766,61.38999938964844
2020-07-30,261.1300048828125,148.91433715820312,74.49500274658203,32.06999969482422,18.81999969482422,68.5999984741211,55.77000045776367,60.86000061035156
2020-07-31,265.7900085449219,149.0531463623047,73.12000274658203,32.02000045776367,18.989999771118164,69.1500015258789,54.33000183105469,60.2599983215332
2020-08-03,269.3800048828125,147.40724182128906,74.69999694824219,32.2400016784668,19.0,70.93000030517578,55.439998626708984,60.970001220703125
2020-08-04,270.3800048828125,148.9738311767578,74.80999755859375,32.099998474121094,19.420000076293945,71.80000305175781,56.060001373291016,61.7400016784668
2020-08-05,271.04998779296875,147.22877502441406,75.3489990234375,32.18000030517578,19.600000381469727,72.73999786376953,56.02000045776367,63.2400016784668
2020-08-06,274.6400146484375,148.05172729492188,75.25,32.060001373291016,19.850000381469727,72.81999969482422,55.97999954223633,64.04000091552734
2020-08-07,271.4700012207031,150.98658752441406,74.8949966430664,32.18000030517578,19.530000686645508,70.47000122070312,56.0,63.849998474121094
2020-08-10,270.30999755859375,150.93701171875,75.10199737548828,32.09000015258789,19.479999542236328,70.11000061035156,56.27000045776367,65.23999786376953
2020-08-11,265.19000244140625,147.76419067382812,74.94999694824219,31.940000534057617,18.440000534057617,69.16000366210938,56.72999954223633,65.80999755859375
2020-08-12,271.8599853515625,149.76702880859375,76.6050033569336,31.90999984741211,18.360000610351562,70.01000213623047,57.93000030517578,66.87999725341797
2020-08-13,272.4800109863281,149.32086181640625,76.69200134277344,32.040000915527344,18.770000457763672,69.30000305175781,57.86000061035156,66.52999877929688
2020-08-14,272.1600036621094,148.25003051757812,76.29000091552734,32.04999923706055,18.700000762939453,68.80999755859375,57.849998474121094,65.86000061035156
2020-08-17,275.32000732421875,147.9029998779297,77.5469970703125,32.290000915527344,19.09000015258789,70.48999786376953,58.09000015258789,66.5999984741211
2020-08-18,277.9700012207031,147.37750244140625,77.86000061035156,32.16999816894531,19.270000457763672,70.63999938964844,58.290000915527344,64.5199966430664
2020-08-19,276.1000061035156,146.92140197753906,77.25,32.29999923706055,18.670000076293945,68.77999877929688,57.97999954223633,64.33999633789062
2020-08-20,279.92999267578125,145.62252807617188,77.53199768066406,32.2599983215332,18.770000457763672,69.66000366210938,57.77000045776367,62.45000076293945
2020-08-21,281.8699951171875,145.59278869628906,77.69499969482422,32.31999969482422,18.639999389648438,70.30999755859375,57.61000061035156,62.72999954223633
2020-08-24,283.6300048828125,147.0602264404297,78.53199768066406,32.220001220703125,18.530000686645508,71.6500015258789,58.25,63.56999969482422
2020-08-25,285.8599853515625,145.74151611328125,79.4000015258789,32.18000030517578,18.549999237060547,72.11000061035156,58.16999816894531,64.5199966430664
2020-08-26,291.9599914550781,143.77833557128906,81.10600280761719,32.310001373291016,18.780000686645508,71.47000122070312,58.33000183105469,64.93000030517578
2020-08-27,291.04998779296875,144.46246337890625,80.7239990234375,32.279998779296875,18.559999465942383,71.7699966430664,57.790000915527344,63.790000915527344
2020-08-28,292.5299987792969,144.7896728515625,80.58499908447266,32.43000030517578,18.889999389648438,72.88999938964844,58.099998474121094,64.62999725341797
2020-08-31,294.8800048828125,145.1168670654297,81.88999938964844,32.31999969482422,18.940000534057617,70.91000366210938,58.02000045776367,63.06999969482422
2020-09-01,299.9200134277344,143.52053833007812,81.40499877929688,32.4900016784668,18.950000762939453,72.43000030517578,58.18000030517578,63.97999954223633
2020-09-02,302.760009765625,147.78402709960938,82.40399932861328,32.47999954223633,18.690000534057617,72.7300033569336,58.7599983215332,63.97999954223633
2020-09-03,287.4100036621094,146.17776489257812,80.19000244140625,32.130001068115234,18.540000915527344,70.47000122070312,57.72999954223633,63.29999923706055
2020-09-04,283.5799865722656,145.43414306640625,80.31500244140625,32.08000183105469,18.6200008392334,70.41000366210938,58.04999923706055,63.7400016784668
2020-09-08,269.95001220703125,144.3633270263672,78.55999755859375,32.04999923706055,18.559999465942383,67.38999938964844,57.56999969482422,63.77000045776367
2020-09-09,277.8800048828125,146.0687255859375,80.12999725341797,32.13999938964844,18.75,67.79000091552734,57.77000045776367,64.61000061035156
2020-09-10,272.3399963378906,143.54037475585938,78.8499984741211,32.310001373291016,18.68000030517578,66.33000183105469,57.79999923706055,63.810001373291016
2020-09-11,270.45001220703125,143.82791137695312,79.8499984741211,32.2400016784668,18.690000534057617,67.58999633789062,58.54999923706055,64.5
2020-09-14,275.1600036621094,145.76133728027344,80.98999786376953,32.34000015258789,18.829999923706055,69.16000366210938,58.970001220703125,65.83999633789062
2020-09-15,279.05999755859375,146.70327758789062,81.70500183105469,32.5,18.790000915527344,70.1500015258789,59.2400016784668,66.5999984741211
2020-09-16,274.6099853515625,146.5743865966797,81.74700164794922,32.540000915527344,18.84000015258789,69.9800033569336,59.45000076293945,66.62999725341797
2020-09-17,270.32000732421875,145.3944854736328,81.42500305175781,32.349998474121094,18.729999542236328,69.94000244140625,59.52000045776367,66.43000030517578
2020-09-18,266.8699951171875,142.74716186523438,81.26599884033203,32.59000015258789,18.75,69.9000015258789,59.2599983215332,66.04000091552734
2020-09-21,267.510009765625,141.914306640625,79.6500015258789,32.65999984741211,18.3700008392334,69.33000183105469,58.380001068115234,65.47000122070312
2020-09-22,272.4800109863281,142.76699829101562,79.62000274658203,32.88999938964844,18.299999237060547,69.08999633789062,58.560001373291016,64.44999694824219
2020-09-23,264.1600036621094,140.58999633789062,78.4219970703125,32.84000015258789,17.90999984741211,68.5,58.900001525878906,63.43000030517578
2020-09-24,265.3900146484375,142.17999267578125,78.16999816894531,32.7400016784668,17.969999313354492,67.68000030517578,58.66999816894531,62.79999923706055
2020-09-25,271.55999755859375,144.3300018310547,78.4489974975586,33.0,17.90999984741211,67.12999725341797,58.7599983215332,63.0
2020-09-28,277.20001220703125,144.77999877929688,79.62899780273438,33.22999954223633,18.100000381469727,67.62000274658203,59.58000183105469,64.3499984741211
2020-09-29,275.95001220703125,144.64999389648438,79.74099731445312,33.529998779296875,18.25,67.95999908447266,59.529998779296875,64.52999877929688
2020-09-30,277.8399963378906,146.02000427246094,80.46499633789062,33.63999938964844,18.149999618530273,69.16000366210938,59.06999969482422,65.33999633789062
2020-10-01,282.25,147.22000122070312,81.4020004272461,33.869998931884766,18.309999465942383,70.2300033569336,59.08000183105469,66.01000213623047
2020-10-02,274.30999755859375,148.92999267578125,80.7300033569336,33.689998626708984,18.290000915527344,69.19999694824219,58.790000915527344,65.19000244140625
2020-10-05,280.1600036621094,150.6999969482422,81.6780014038086,33.81999969482422,18.3799991607666,69.61000061035156,59.27000045776367,66.62999725341797
2020-10-06,275.1600036621094,152.41000366210938,80.7300033569336,33.65999984741211,18.15999984741211,70.5199966430664,59.13999938964844,65.80000305175781
2020-10-07,279.9200134277344,152.91000366210938,81.68000030517578,33.810001373291016,18.139999389648438,71.69999694824219,59.45000076293945,67.37000274658203
2020-10-08,281.4100036621094,155.9199981689453,81.87000274658203,33.779998779296875,18.209999084472656,71.8499984741211,59.470001220703125,67.70999908447266
2020-10-09,285.7099914550781,155.72000122070312,82.0,33.939998626708984,18.540000915527344,72.73999786376953,59.459999084472656,68.33999633789062
2020-10-12,294.5299987792969,156.7100067138672,82.95500183105469,33.970001220703125,18.5,74.4000015258789,59.619998931884766,67.98999786376953
2020-10-13,294.5199890136719,155.52999877929688,82.41999816894531,33.95000076293945,18.209999084472656,74.44999694824219,59.43000030517578,67.41999816894531
2020-10-14,292.05999755859375,155.41000366210938,82.94000244140625,34.13999938964844,18.25,73.47000122070312,59.52000045776367,66.88999938964844
2020-10-15,290.1000061035156,155.38999938964844,82.10900115966797,34.22999954223633,18.329999923706055,72.54000091552734,59.02000045776367,66.55000305175781
2020-10-16,288.510009765625,156.88999938964844,81.83999633789062,34.18000030517578,18.25,72.61000061035156,58.900001525878906,66.55000305175781
2020-10-19,283.79998779296875,155.75999450683594,80.73999786376953,34.09000015258789,18.270000457763672,72.16999816894531,58.970001220703125,66.44999694824219
2020-10-20,284.4100036621094,156.74000549316406,81.0250015258789,34.16999816894531,18.360000610351562,72.9800033569336,58.97999954223633,67.27999877929688
2020-10-21,284.19000244140625,156.27000427246094,80.80000305175781,34.209999084472656,18.510000228881836,72.94999694824219,59.439998626708984,67.69999694824219
2020-10-22,284.17999267578125,158.61000061035156,80.49500274658203,34.18000030517578,18.31999969482422,72.83000183105469,59.27000045776367,67.36000061035156
2020-10-23,284.739990234375,158.8800048828125,80.58999633789062,34.099998474121094,18.309999465942383,72.68000030517578,59.29999923706055,68.30000305175781
2020-10-26,280.4700012207031,158.7899932861328,79.1500015258789,33.90999984741211,18.299999237060547,72.54000091552734,58.72999954223633,67.16999816894531
2020-10-27,282.6600036621094,158.5,79.33999633789062,34.099998474121094,18.350000381469727,74.08999633789062,58.939998626708984,67.04000091552734
2020-10-28,271.6400146484375,153.6999969482422,77.55000305175781,34.2599983215332,18.040000915527344,73.05000305175781,58.13999938964844,66.02999877929688
2020-10-29,276.3900146484375,154.1999969482422,78.44999694824219,34.099998474121094,17.979999542236328,74.62000274658203,58.58000183105469,66.36000061035156
2020-10-30,269.3800048828125,152.82000732421875,77.70999908447266,34.209999084472656,18.049999237060547,74.41999816894531,58.2400016784668,64.9000015258789
2020-11-02,269.9800109863281,156.1199951171875,78.81999969482422,34.150001525878906,18.219999313354492,75.3499984741211,58.849998474121094,66.0199966430664
2020-11-03,274.6499938964844,158.61000061035156,80.38999938964844,34.08000183105469,18.329999923706055,75.9000015258789,60.09000015258789,67.44999694824219
2020-11-04,286.9100036621094,156.0,81.18000030517578,34.220001220703125,18.309999465942383,78.97000122070312,59.9900016784668,68.81999969482422
2020-11-05,294.3900146484375,157.60000610351562,83.58000183105469,34.25,18.739999771118164,81.16000366210938,61.470001220703125,70.44999694824219
2020-11-06,294.6099853515625,157.10000610351562,83.72000122070312,34.40999984741211,18.760000228881836,80.58000183105469,61.52000045776367,70.22000122070312
2020-11-09,288.5899963378906,160.27999877929688,84.6500015258789,33.720001220703125,17.950000762939453,81.3499984741211,63.33000183105469,70.91000366210938
2020-11-10,283.4200134277344,162.99000549316406,85.56999969482422,33.689998626708984,18.0,78.63999938964844,63.09000015258789,71.55999755859375
2020-11-11,289.760009765625,163.5399932861328,85.7699966430664,33.66999816894531,17.93000030517578,77.95999908447266,63.470001220703125,72.51000213623047
2020-11-12,290.9800109863281,161.76220703125,85.76000213623047,33.58610153198242,18.072500228881836,78.7300033569336,62.70000076293945,72.26000213623047
